"ID","Description","GeneRatio","BgRatio","RichFactor","FoldEnrichment","zScore","pvalue","p.adjust","qvalue","geneID","Count"
"GO:0017075","syntaxin-1 binding","2/9","23/28409",0.0869565217391304,274.48309178744,23.3574116174377,2.2493547190218e-05,0.000764780604467412,0.000378838689519461,"Cplx1/Snap25",2
"GO:0019905","syntaxin binding","2/9","72/28409",0.0277777777777778,87.6820987654321,13.1099533247272,0.000225424518795755,0.00383221681952784,0.00189831173722741,"Cplx1/Snap25",2
"GO:0000149","SNARE binding","2/9","119/28409",0.0168067226890756,53.0513538748833,10.1291138240185,0.000614446345303866,0.00696372524677715,0.00344952334205679,"Cplx1/Snap25",2
